REF_YEAR;GEO_COMM;GEO_CANT;VALUE
2024;1;ZH;26.5149400
2024;2;ZH;66.9061001
2024;3;ZH;31.5032098
2024;4;ZH;43.5017800
2024;5;ZH;33.1469786
2024;6;ZH;20.0315966
2024;7;ZH;23.0905443
2024;8;ZH;12.7471000
2024;9;ZH;63.2791251
2024;10;ZH;36.9775635
2024;11;ZH;24.8770924
2024;12;ZH;19.1311355
2024;13;ZH;37.7263175
2024;14;ZH;25.4009142
2024;22;ZH;21.1183715
2024;23;ZH;13.3286450
2024;24;ZH;26.5613675
2024;25;ZH;18.0872413
2024;26;ZH;17.5197074
2024;27;ZH;22.0978928
2024;28;ZH;34.6621378
2024;29;ZH;12.9654944
2024;31;ZH;19.9922269
2024;33;ZH;38.5259852
2024;34;ZH;24.4378530
2024;35;ZH;43.2820225
2024;37;ZH;38.8887647
2024;38;ZH;29.1637664
2024;39;ZH;22.1979380
2024;40;ZH;32.4581685
2024;41;ZH;12.6381405
2024;43;ZH;6.8701257
2024;51;ZH;30.3949000
2024;52;ZH;55.4807440
2024;53;ZH;108.0179776
2024;54;ZH;33.9745559
2024;55;ZH;42.2452977
2024;56;ZH;58.4354786
2024;57;ZH;25.6576162
2024;58;ZH;68.8608601
2024;59;ZH;18.8797549
2024;60;ZH;25.1874738
2024;61;ZH;18.3859719
2024;62;ZH;105.8076240
2024;63;ZH;22.1765480
2024;64;ZH;44.8383634
2024;65;ZH;33.9016172
2024;66;ZH;56.3713874
2024;67;ZH;49.9752201
2024;68;ZH;22.2576958
2024;69;ZH;68.4790172
2024;70;ZH;6.7241308
2024;71;ZH;28.1968824
2024;72;ZH;47.5847428
2024;81;ZH;25.8333514
2024;82;ZH;11.7971977
2024;83;ZH;37.1536882
2024;84;ZH;20.4288644
2024;85;ZH;10.8842043
2024;86;ZH;40.6118385
2024;87;ZH;7.0881369
2024;88;ZH;29.2203010
2024;89;ZH;25.7106223
2024;90;ZH;57.0991297
2024;91;ZH;29.5492608
2024;92;ZH;32.2015287
2024;93;ZH;15.4148896
2024;94;ZH;26.5379113
2024;95;ZH;11.2065053
2024;96;ZH;87.9343676
2024;97;ZH;65.8657783
2024;98;ZH;14.1492373
2024;99;ZH;18.3811378
2024;100;ZH;45.9210205
2024;101;ZH;45.1578050
2024;102;ZH;25.2605641
2024;111;ZH;65.0281513
2024;112;ZH;64.9706913
2024;113;ZH;55.0549113
2024;114;ZH;54.5187050
2024;115;ZH;90.5889686
2024;116;ZH;38.4251331
2024;117;ZH;103.0991746
2024;118;ZH;56.3614761
2024;119;ZH;13.6656696
2024;120;ZH;92.1161368
2024;121;ZH;102.4894657
2024;131;ZH;58.4050163
2024;135;ZH;32.7595313
2024;136;ZH;43.8326773
2024;137;ZH;20.3401387
2024;138;ZH;59.8580991
2024;139;ZH;30.1476930
2024;141;ZH;56.6130243
2024;151;ZH;26.5628398
2024;152;ZH;44.9533512
2024;153;ZH;61.1981594
2024;154;ZH;85.3933814
2024;155;ZH;44.3714701
2024;156;ZH;76.5860962
2024;157;ZH;35.7945436
2024;158;ZH;65.3867201
2024;159;ZH;28.5037560
2024;160;ZH;36.8587929
2024;161;ZH;58.0315564
2024;172;ZH;39.9306712
2024;173;ZH;46.7704178
2024;176;ZH;53.7255032
2024;177;ZH;79.8577263
2024;178;ZH;48.0007334
2024;180;ZH;42.0464254
2024;181;ZH;32.8446505
2024;182;ZH;32.9908679
2024;191;ZH;100.6848167
2024;192;ZH;82.2588788
2024;193;ZH;33.9484559
2024;194;ZH;14.4974578
2024;195;ZH;80.3531353
2024;196;ZH;29.0658160
2024;197;ZH;16.8460545
2024;198;ZH;161.6593746
2024;199;ZH;82.7370306
2024;200;ZH;39.2298660
2024;211;ZH;21.7861592
2024;213;ZH;20.9033839
2024;214;ZH;24.7520890
2024;215;ZH;10.6760816
2024;216;ZH;26.0651212
2024;218;ZH;18.5607257
2024;219;ZH;41.0928513
2024;220;ZH;26.7146584
2024;221;ZH;29.5526215
2024;223;ZH;68.3034036
2024;224;ZH;26.1890895
2024;225;ZH;29.4170191
2024;226;ZH;28.5134174
2024;227;ZH;44.1818051
2024;228;ZH;70.7108348
2024;230;ZH;429.6935867
2024;231;ZH;58.3845209
2024;241;ZH;17.0208867
2024;242;ZH;61.1548171
2024;243;ZH;84.4911609
2024;244;ZH;18.0815812
2024;245;ZH;17.0061228
2024;246;ZH;13.3451188
2024;247;ZH;55.4443249
2024;248;ZH;27.1575265
2024;249;ZH;21.2242583
2024;250;ZH;41.2433168
2024;251;ZH;27.8418538
2024;261;ZH;861.1134636
2024;291;ZH;75.7151388
2024;292;ZH;75.5893061
2024;293;ZH;161.6726832
2024;294;ZH;92.4073430
2024;295;ZH;124.7881688
2024;296;ZH;138.6836988
2024;297;ZH;78.4486919
2024;298;ZH;89.2520028
2024;301;BE;44.5996290
2024;302;BE;18.2866122
2024;303;BE;49.5481750
2024;304;BE;53.4098605
2024;305;BE;25.9635202
2024;306;BE;90.0596253
2024;307;BE;32.6133663
2024;309;BE;38.8443541
2024;310;BE;60.1657593
2024;311;BE;67.0141934
2024;312;BE;63.9495118
2024;321;BE;45.6009199
2024;322;BE;13.7856130
2024;323;BE;17.3821450
2024;324;BE;13.5763553
2024;325;BE;8.1568122
2024;326;BE;21.2737073
2024;329;BE;121.8412416
2024;331;BE;23.4747180
2024;332;BE;63.4656067
2024;333;BE;28.3097034
2024;335;BE;7.6893513
2024;336;BE;6.5493459
2024;337;BE;42.5898859
2024;338;BE;19.6100786
2024;339;BE;15.2336841
2024;340;BE;10.1104422
2024;341;BE;13.1731772
2024;342;BE;46.6587521
2024;344;BE;24.1142245
2024;345;BE;21.6925114
2024;351;BE;417.0368012
2024;352;BE;45.8719236
2024;353;BE;14.4153345
2024;354;BE;36.9629737
2024;355;BE;209.7900273
2024;356;BE;59.6905850
2024;357;BE;25.9243159
2024;358;BE;15.6726363
2024;359;BE;62.9867240
2024;360;BE;105.9917728
2024;361;BE;41.2265820
2024;362;BE;40.4259454
2024;363;BE;43.4324484
2024;371;BE;172.7459629
2024;372;BE;21.7944865
2024;381;BE;25.8657949
2024;382;BE;11.1159986
2024;383;BE;46.1028558
2024;385;BE;18.7289054
2024;386;BE;18.1921766
2024;387;BE;42.6198903
2024;388;BE;27.2205320
2024;389;BE;2.2350983
2024;390;BE;18.5487436
2024;391;BE;16.6362077
2024;392;BE;42.9422808
2024;393;BE;17.1276953
2024;394;BE;18.9026695
2024;401;BE;10.5271711
2024;402;BE;13.8804520
2024;403;BE;10.7575079
2024;404;BE;92.4321098
2024;405;BE;37.5322760
2024;406;BE;59.2133337
2024;407;BE;46.0756350
2024;408;BE;4.6415394
2024;409;BE;37.6851045
2024;410;BE;6.5225776
2024;411;BE;10.7930475
2024;412;BE;43.3137880
2024;413;BE;25.7652429
2024;414;BE;51.6072797
2024;415;BE;25.7767165
2024;418;BE;41.4054694
2024;420;BE;18.3958502
2024;421;BE;6.8678246
2024;422;BE;3.0410928
2024;423;BE;5.0159966
2024;424;BE;74.0383402
2024;431;BE;35.2781908
2024;432;BE;18.7578532
2024;433;BE;22.8062804
2024;434;BE;35.8295619
2024;435;BE;23.6661675
2024;437;BE;8.9114100
2024;438;BE;36.1390960
2024;441;BE;25.1186582
2024;442;BE;15.7709268
2024;443;BE;62.6347322
2024;444;BE;27.9714860
2024;445;BE;46.3752336
2024;446;BE;59.8125558
2024;448;BE;23.7736875
2024;449;BE;25.1600137
2024;450;BE;41.7783731
2024;491;BE;19.5810843
2024;492;BE;16.2905729
2024;493;BE;15.0699691
2024;494;BE;20.0931845
2024;495;BE;33.8042094
2024;496;BE;69.3991418
2024;497;BE;12.6546415
2024;498;BE;25.6618453
2024;499;BE;19.8509328
2024;500;BE;17.5485054
2024;501;BE;8.6423264
2024;502;BE;11.2156213
2024;533;BE;37.7595704
2024;535;BE;5.5467318
2024;538;BE;88.6033367
2024;540;BE;49.9879780
2024;541;BE;12.7256208
2024;543;BE;10.4963698
2024;544;BE;31.3112942
2024;546;BE;54.8080986
2024;551;BE;31.5020136
2024;552;BE;54.6942438
2024;553;BE;5.1996959
2024;554;BE;14.2429253
2024;556;BE;6.6863787
2024;557;BE;9.2984293
2024;561;BE;80.9998569
2024;562;BE;39.4438388
2024;563;BE;108.4755666
2024;564;BE;23.5260460
2024;565;BE;35.3858486
2024;566;BE;12.7312397
2024;567;BE;107.2415839
2024;571;BE;47.7062482
2024;572;BE;23.4582879
2024;573;BE;56.2819855
2024;574;BE;15.1463393
2024;575;BE;7.0833361
2024;576;BE;98.1984752
2024;577;BE;6.6929202
2024;578;BE;8.0025367
2024;579;BE;40.1527509
2024;580;BE;17.5622146
2024;581;BE;35.4177906
2024;582;BE;23.6060268
2024;584;BE;52.6955563
2024;585;BE;16.1040926
2024;586;BE;18.9445164
2024;587;BE;25.6021146
2024;588;BE;7.1078597
2024;589;BE;11.9845062
2024;590;BE;20.4232303
2024;591;BE;14.3559584
2024;592;BE;14.6233438
2024;593;BE;43.6055100
2024;594;BE;39.2901122
2024;602;BE;23.0011381
2024;603;BE;15.7080227
2024;605;BE;27.3848545
2024;606;BE;5.1785972
2024;607;BE;6.7049419
2024;608;BE;30.2758812
2024;609;BE;6.4030924
2024;610;BE;8.6898655
2024;611;BE;17.1212278
2024;612;BE;48.3569368
2024;613;BE;20.4315496
2024;614;BE;31.7988635
2024;615;BE;9.7394672
2024;616;BE;77.9766389
2024;617;BE;14.9780886
2024;619;BE;50.6086772
2024;620;BE;19.7381835
2024;622;BE;10.3792029
2024;623;BE;24.0255686
2024;626;BE;38.4172566
2024;627;BE;77.7156520
2024;628;BE;13.9341317
2024;629;BE;10.1235846
2024;630;BE;9.0245327
2024;632;BE;34.5695584
2024;662;BE;34.5247666
2024;663;BE;18.9986284
2024;665;BE;7.8214206
2024;666;BE;14.2923196
2024;667;BE;22.3252205
2024;668;BE;77.7955867
2024;669;BE;9.8357294
2024;670;BE;72.2537835
2024;671;BE;11.5264624
2024;681;BE;4.3448543
2024;683;BE;8.6398061
2024;687;BE;10.2293726
2024;690;BE;37.7840691
2024;691;BE;20.4779161
2024;692;BE;4.2118976
2024;694;BE;14.4036042
2024;696;BE;10.7107259
2024;700;BE;65.5278109
2024;701;BE;12.5155517
2024;703;BE;27.2382425
2024;704;BE;15.4939216
2024;706;BE;24.6590250
2024;707;BE;5.7894679
2024;708;BE;10.3529309
2024;709;BE;14.6089166
2024;711;BE;14.3481984
2024;713;BE;48.9265956
2024;715;BE;2.3544461
2024;716;BE;35.9622800
2024;717;BE;55.7875884
2024;723;BE;31.0999218
2024;724;BE;42.4149881
2024;726;BE;58.8760142
2024;731;BE;12.8877269
2024;732;BE;12.0857254
2024;733;BE;30.8898665
2024;734;BE;5.7555653
2024;735;BE;9.2946297
2024;736;BE;10.9792936
2024;737;BE;7.5705308
2024;738;BE;8.4291675
2024;739;BE;15.0289044
2024;740;BE;8.6388571
2024;741;BE;6.8398825
2024;742;BE;12.1276259
2024;743;BE;22.4273160
2024;744;BE;20.9013294
2024;745;BE;20.2766754
2024;746;BE;25.7259324
2024;747;BE;9.6769272
2024;748;BE;12.1199277
2024;749;BE;19.1128783
2024;750;BE;18.5799987
2024;751;BE;27.6584387
2024;754;BE;26.2321384
2024;755;BE;18.6007417
2024;756;BE;35.9927705
2024;761;BE;40.5911562
2024;762;BE;146.8536044
2024;763;BE;56.8349046
2024;766;BE;51.6510251
2024;767;BE;31.4305572
2024;768;BE;92.1691307
2024;769;BE;44.3985643
2024;770;BE;16.8734378
2024;782;BE;47.7645476
2024;783;BE;49.6052448
2024;784;BE;86.1650393
2024;785;BE;75.3085534
2024;786;BE;26.3101936
2024;791;BE;85.4275852
2024;792;BE;89.6121552
2024;793;BE;56.3708121
2024;794;BE;96.5031715
2024;841;BE;43.5204548
2024;842;BE;30.9964195
2024;843;BE;164.1108862
2024;852;BE;85.7305003
2024;853;BE;84.4469819
2024;855;BE;105.8035230
2024;861;BE;86.1539868
2024;863;BE;21.1468041
2024;866;BE;20.5929614
2024;867;BE;16.1472422
2024;868;BE;5.3485251
2024;869;BE;8.9526037
2024;870;BE;23.1346308
2024;872;BE;32.1752222
2024;877;BE;16.2577160
2024;879;BE;72.9485639
2024;880;BE;72.6884286
2024;883;BE;17.1546798
2024;884;BE;19.0112739
2024;885;BE;17.3859950
2024;886;BE;35.8067655
2024;888;BE;32.5481464
2024;889;BE;23.3811380
2024;901;BE;125.9366037
2024;902;BE;163.0498928
2024;903;BE;72.2744940
2024;904;BE;62.0168639
2024;905;BE;56.0682500
2024;906;BE;57.0703967
2024;907;BE;64.6251984
2024;908;BE;94.0186576
2024;909;BE;45.8983445
2024;921;BE;15.5365280
2024;922;BE;21.6036777
2024;923;BE;39.2501134
2024;924;BE;26.7555212
2024;925;BE;12.7446158
2024;927;BE;15.0620964
2024;928;BE;33.5875143
2024;929;BE;20.6919195
2024;931;BE;16.4806975
2024;932;BE;19.4462100
2024;934;BE;17.5907293
2024;935;BE;12.6517242
2024;936;BE;12.7274929
2024;938;BE;86.8090242
2024;939;BE;83.1762260
2024;940;BE;7.2866798
2024;941;BE;23.8458574
2024;942;BE;180.7234053
2024;943;BE;11.1855443
2024;944;BE;51.9426759
2024;945;BE;19.9141976
2024;946;BE;11.5309348
2024;948;BE;12.0103793
2024;951;BE;35.2948792
2024;952;BE;36.8232643
2024;953;BE;30.0635910
2024;954;BE;70.8867338
2024;955;BE;80.4688820
2024;956;BE;59.8252446
2024;957;BE;111.9339257
2024;958;BE;36.7568541
2024;959;BE;22.9319545
2024;960;BE;28.2470616
2024;971;BE;32.8007115
2024;972;BE;4.5029265
2024;973;BE;10.7268250
2024;975;BE;9.9724520
2024;976;BE;10.4786731
2024;977;BE;21.8381874
2024;979;BE;59.7173702
2024;980;BE;11.1311433
2024;981;BE;84.3174575
2024;982;BE;15.4746247
2024;983;BE;32.7064145
2024;985;BE;32.7672361
2024;987;BE;18.3145843
2024;988;BE;44.0074525
2024;989;BE;14.6270714
2024;990;BE;6.3664440
2024;991;BE;7.5640825
2024;992;BE;38.2506569
2024;995;BE;41.5309799
2024;1001;LU;18.5957416
2024;1002;LU;104.6277333
2024;1004;LU;104.9497074
2024;1005;LU;55.7302130
2024;1007;LU;60.6426858
2024;1008;LU;89.3187987
2024;1009;LU;45.8416972
2024;1010;LU;184.9377882
2024;1021;LU;18.7731106
2024;1023;LU;27.2681082
2024;1024;LU;128.4699516
2024;1025;LU;13.2610948
2024;1026;LU;37.6470702
2024;1030;LU;84.3547778
2024;1031;LU;51.9160602
2024;1032;LU;46.6238824
2024;1033;LU;31.1070447
2024;1037;LU;25.2077538
2024;1039;LU;44.3793369
2024;1040;LU;61.3572736
2024;1041;LU;25.7300047
2024;1051;LU;27.7613497
2024;1052;LU;32.6881530
2024;1053;LU;12.7099004
2024;1054;LU;59.9534166
2024;1055;LU;8.6779298
2024;1056;LU;8.9803692
2024;1057;LU;3.3454614
2024;1058;LU;66.4676550
2024;1059;LU;116.6019308
2024;1061;LU;237.6323167
2024;1062;LU;87.4501256
2024;1063;LU;43.5031573
2024;1064;LU;14.8452425
2024;1065;LU;34.7994802
2024;1066;LU;51.1493993
2024;1067;LU;21.1726636
2024;1068;LU;17.7550619
2024;1069;LU;51.2075542
2024;1081;LU;103.5781771
2024;1082;LU;28.3349525
2024;1083;LU;45.1767830
2024;1084;LU;22.4273702
2024;1085;LU;22.4941298
2024;1086;LU;53.6125806
2024;1088;LU;23.7360072
2024;1089;LU;34.2326378
2024;1091;LU;21.3212823
2024;1093;LU;63.5897666
2024;1094;LU;36.1146786
2024;1095;LU;36.4322426
2024;1097;LU;44.5503507
2024;1098;LU;123.6063158
2024;1099;LU;29.2978597
2024;1100;LU;23.9893303
2024;1102;LU;30.2916471
2024;1103;LU;50.6381874
2024;1104;LU;90.4094812
2024;1107;LU;50.9557612
2024;1121;LU;13.8141952
2024;1122;LU;23.0538303
2024;1123;LU;42.4120757
2024;1125;LU;92.2809527
2024;1127;LU;19.5698643
2024;1128;LU;41.3369902
2024;1129;LU;22.3521605
2024;1131;LU;28.4850808
2024;1132;LU;81.1664261
2024;1135;LU;73.6411832
2024;1136;LU;81.0982698
2024;1137;LU;19.7560492
2024;1139;LU;62.7977033
2024;1140;LU;97.7268325
2024;1142;LU;23.4519516
2024;1143;LU;56.6016566
2024;1145;LU;34.2460817
2024;1146;LU;17.9004397
2024;1147;LU;23.7743163
2024;1150;LU;55.2239692
2024;1151;LU;143.9601390
2024;1201;UR;38.7805582
2024;1202;UR;45.5408938
2024;1203;UR;19.2981541
2024;1205;UR;30.7740735
2024;1206;UR;41.7551869
2024;1207;UR;18.0029012
2024;1208;UR;18.0273596
2024;1209;UR;21.0649733
2024;1210;UR;9.8748383
2024;1211;UR;13.1215534
2024;1212;UR;28.2879945
2024;1213;UR;41.9805142
2024;1214;UR;30.0465281
2024;1215;UR;16.9863385
2024;1216;UR;25.0241388
2024;1217;UR;3.1466757
2024;1218;UR;40.8305121
2024;1219;UR;20.7682768
2024;1220;UR;31.5641411
2024;1301;SZ;213.2757995
2024;1311;SZ;43.5250806
2024;1321;SZ;55.7698359
2024;1322;SZ;81.4916549
2024;1323;SZ;37.4167152
2024;1331;SZ;122.3360076
2024;1341;SZ;58.1214892
2024;1342;SZ;49.3750960
2024;1343;SZ;19.7228745
2024;1344;SZ;30.6530562
2024;1345;SZ;30.8312360
2024;1346;SZ;62.6230718
2024;1347;SZ;47.0137079
2024;1348;SZ;47.1580229
2024;1349;SZ;40.1990571
2024;1361;SZ;22.3800457
2024;1362;SZ;89.9106224
2024;1363;SZ;14.8534431
2024;1364;SZ;54.5923561
2024;1365;SZ;15.7973008
2024;1366;SZ;19.2570208
2024;1367;SZ;93.7001812
2024;1368;SZ;26.9555149
2024;1369;SZ;4.9636949
2024;1370;SZ;43.9673750
2024;1371;SZ;40.7582968
2024;1372;SZ;134.9712814
2024;1373;SZ;33.1554461
2024;1374;SZ;13.6391275
2024;1375;SZ;56.9863780
2024;1401;OW;86.7895037
2024;1402;OW;71.8591371
2024;1403;OW;95.1256924
2024;1404;OW;98.5558440
2024;1405;OW;51.5548474
2024;1406;OW;74.0239313
2024;1407;OW;129.8760473
2024;1501;NW;49.3753992
2024;1502;NW;44.3193700
2024;1503;NW;24.7847213
2024;1504;NW;25.5876910
2024;1505;NW;35.5801777
2024;1506;NW;26.0439371
2024;1507;NW;35.5507361
2024;1508;NW;45.2870284
2024;1509;NW;42.7751474
2024;1510;NW;31.8445991
2024;1511;NW;55.5256218
2024;1630;GL;236.8420455
2024;1631;GL;230.7745690
2024;1632;GL;113.9002194
2024;1701;ZG;123.3517871
2024;1702;ZG;70.0211873
2024;1703;ZG;59.4638536
2024;1704;ZG;73.9268121
2024;1705;ZG;22.0728683
2024;1706;ZG;78.0938266
2024;1707;ZG;62.2081440
2024;1708;ZG;33.9080922
2024;1709;ZG;69.0602373
2024;1710;ZG;38.9837192
2024;1711;ZG;114.0142418
2024;2008;FR;5.2626240
2024;2011;FR;24.7322218
2024;2016;FR;8.9520177
2024;2022;FR;12.7083728
2024;2025;FR;17.3692747
2024;2027;FR;7.8263592
2024;2029;FR;39.0994540
2024;2035;FR;8.5797603
2024;2038;FR;2.7951624
2024;2041;FR;22.7208667
2024;2043;FR;4.9993783
2024;2044;FR;32.2957123
2024;2045;FR;6.6321442
2024;2050;FR;25.4107092
2024;2051;FR;19.8317639
2024;2053;FR;70.8558605
2024;2054;FR;126.1889328
2024;2055;FR;30.3230041
2024;2061;FR;7.0452095
2024;2063;FR;10.5610425
2024;2066;FR;7.4929788
2024;2067;FR;16.2814141
2024;2068;FR;12.6454173
2024;2072;FR;9.5387159
2024;2079;FR;7.0322568
2024;2086;FR;8.9704877
2024;2087;FR;21.7093617
2024;2089;FR;7.7089532
2024;2096;FR;55.3973780
2024;2097;FR;34.0423920
2024;2099;FR;60.4583279
2024;2102;FR;45.9615285
2024;2113;FR;63.6258231
2024;2114;FR;36.8864377
2024;2115;FR;21.8378119
2024;2117;FR;46.7082927
2024;2121;FR;63.7022680
2024;2122;FR;37.0241472
2024;2123;FR;7.4581653
2024;2124;FR;33.1781412
2024;2125;FR;137.0123185
2024;2128;FR;6.5231206
2024;2129;FR;22.4386654
2024;2130;FR;9.2645859
2024;2131;FR;16.2095008
2024;2134;FR;30.2492656
2024;2135;FR;40.6966824
2024;2137;FR;23.3402891
2024;2138;FR;65.7927184
2024;2140;FR;32.0295533
2024;2143;FR;8.6759044
2024;2145;FR;15.2138507
2024;2147;FR;11.7325229
2024;2148;FR;29.2793817
2024;2149;FR;38.9231811
2024;2152;FR;43.3188021
2024;2153;FR;20.7092654
2024;2155;FR;28.6480557
2024;2160;FR;31.6526932
2024;2162;FR;39.0580423
2024;2163;FR;99.1479059
2024;2173;FR;16.3115839
2024;2174;FR;24.1302626
2024;2175;FR;26.4080940
2024;2177;FR;10.9061728
2024;2183;FR;23.5667917
2024;2186;FR;16.0113825
2024;2194;FR;5.5532598
2024;2196;FR;101.3739196
2024;2197;FR;27.7851701
2024;2198;FR;23.6668878
2024;2200;FR;19.4060165
2024;2206;FR;50.4379975
2024;2208;FR;18.3201425
2024;2211;FR;20.7460593
2024;2216;FR;11.0217559
2024;2217;FR;10.2749070
2024;2220;FR;54.4146091
2024;2226;FR;31.8045867
2024;2228;FR;47.2739796
2024;2230;FR;2.7479683
2024;2233;FR;43.1719843
2024;2234;FR;26.7531641
2024;2235;FR;16.2061635
2024;2236;FR;120.1215533
2024;2237;FR;38.6424249
2024;2238;FR;33.0219012
2024;2250;FR;16.1973505
2024;2254;FR;68.1074045
2024;2257;FR;14.2221369
2024;2258;FR;12.3994571
2024;2261;FR;5.0295992
2024;2262;FR;54.7751751
2024;2265;FR;51.2466766
2024;2266;FR;10.4564823
2024;2271;FR;4.3269439
2024;2272;FR;38.5610248
2024;2274;FR;6.7321679
2024;2275;FR;122.4211869
2024;2276;FR;30.2650410
2024;2278;FR;8.3364656
2024;2284;FR;54.5789893
2024;2292;FR;11.6398981
2024;2293;FR;96.3173524
2024;2294;FR;17.7141672
2024;2295;FR;42.7860179
2024;2296;FR;21.3359849
2024;2299;FR;109.8748703
2024;2300;FR;37.7749392
2024;2301;FR;18.4720123
2024;2303;FR;13.8007241
2024;2304;FR;35.0411459
2024;2305;FR;46.8564217
2024;2306;FR;111.9646272
2024;2307;FR;14.1817046
2024;2308;FR;43.3194866
2024;2309;FR;52.7735004
2024;2321;FR;42.3612404
2024;2323;FR;16.6892342
2024;2325;FR;85.8090240
2024;2328;FR;15.1969260
2024;2333;FR;12.8735777
2024;2335;FR;30.1522455
2024;2336;FR;37.0375464
2024;2337;FR;23.4145569
2024;2338;FR;35.0185798
2024;2391;FR;2.4880499
2024;2401;SO;35.2859061
2024;2402;SO;27.0761851
2024;2403;SO;23.5752312
2024;2404;SO;28.3413705
2024;2405;SO;19.6526160
2024;2406;SO;32.2184833
2024;2407;SO;56.3848856
2024;2408;SO;29.1912015
2024;2421;SO;19.9303006
2024;2422;SO;65.4714125
2024;2424;SO;30.6138951
2024;2425;SO;20.7365451
2024;2426;SO;45.5173922
2024;2427;SO;29.5197326
2024;2428;SO;88.8013178
2024;2430;SO;35.5623950
2024;2445;SO;9.8402510
2024;2455;SO;19.1919899
2024;2457;SO;25.8223983
2024;2461;SO;20.7572003
2024;2463;SO;3.7965643
2024;2464;SO;15.5132945
2024;2465;SO;68.6085735
2024;2471;SO;12.1689677
2024;2472;SO;14.2363371
2024;2473;SO;43.5211011
2024;2474;SO;23.6090861
2024;2475;SO;21.3732638
2024;2476;SO;29.3933002
2024;2477;SO;25.1953905
2024;2478;SO;23.4272538
2024;2479;SO;18.2462352
2024;2480;SO;40.3706821
2024;2481;SO;13.1698332
2024;2491;SO;17.9302167
2024;2492;SO;12.5219963
2024;2493;SO;48.4728364
2024;2495;SO;33.6654609
2024;2497;SO;18.6189746
2024;2499;SO;21.7755937
2024;2500;SO;41.6899793
2024;2501;SO;21.0177007
2024;2502;SO;14.9478080
2024;2503;SO;28.4013566
2024;2511;SO;15.4681129
2024;2513;SO;65.6578214
2024;2514;SO;6.5577302
2024;2516;SO;26.5711675
2024;2517;SO;37.5296885
2024;2518;SO;11.4255180
2024;2519;SO;27.2221142
2024;2520;SO;8.2092973
2024;2523;SO;8.9050024
2024;2524;SO;2.2882224
2024;2525;SO;9.9300156
2024;2526;SO;21.3790100
2024;2527;SO;33.4127583
2024;2528;SO;12.0872028
2024;2529;SO;12.8031060
2024;2530;SO;18.5433283
2024;2532;SO;27.0260326
2024;2534;SO;41.6163760
2024;2535;SO;12.2035868
2024;2541;SO;7.9570284
2024;2542;SO;33.7984957
2024;2543;SO;43.9752151
2024;2544;SO;8.8088429
2024;2545;SO;16.2412456
2024;2546;SO;120.6742635
2024;2547;SO;14.5992627
2024;2548;SO;8.8344948
2024;2549;SO;2.3982059
2024;2550;SO;18.1622491
2024;2551;SO;18.0093869
2024;2553;SO;23.0923078
2024;2554;SO;33.1899639
2024;2555;SO;15.7739854
2024;2556;SO;48.9651785
2024;2571;SO;13.0007598
2024;2572;SO;37.2987732
2024;2573;SO;36.1942592
2024;2574;SO;8.7788131
2024;2575;SO;21.4058817
2024;2576;SO;29.4324568
2024;2578;SO;22.1066573
2024;2579;SO;52.5857961
2024;2580;SO;25.3757250
2024;2581;SO;93.1404083
2024;2582;SO;12.3849242
2024;2583;SO;33.7622944
2024;2584;SO;12.8221658
2024;2585;SO;16.9591709
2024;2586;SO;37.5119939
2024;2601;SO;80.4738877
2024;2611;SO;19.3958164
2024;2612;SO;34.3615109
2024;2613;SO;35.1513914
2024;2614;SO;26.6430945
2024;2615;SO;20.8388836
2024;2616;SO;7.2824639
2024;2617;SO;9.8483912
2024;2618;SO;20.6900766
2024;2619;SO;32.5179300
2024;2620;SO;17.5186148
2024;2621;SO;35.4912496
2024;2622;SO;12.4676360
2024;2701;BS;336.0468860
2024;2702;BS;9.1904250
2024;2703;BS;77.4668383
2024;2761;BL;49.8547071
2024;2762;BL;68.2556265
2024;2763;BL;46.1535511
2024;2764;BL;27.1244952
2024;2765;BL;52.8745718
2024;2766;BL;28.4021210
2024;2767;BL;34.7602018
2024;2768;BL;30.2306769
2024;2769;BL;73.0680403
2024;2770;BL;115.0947217
2024;2771;BL;57.9761865
2024;2772;BL;20.7418766
2024;2773;BL;76.9066134
2024;2774;BL;13.1840390
2024;2775;BL;52.0622075
2024;2781;BL;12.3761951
2024;2782;BL;23.5275884
2024;2783;BL;4.9429284
2024;2784;BL;12.4730808
2024;2785;BL;23.7660921
2024;2786;BL;15.4565923
2024;2787;BL;38.9171714
2024;2788;BL;26.1632666
2024;2789;BL;6.5054536
2024;2790;BL;13.2386990
2024;2791;BL;25.5564510
2024;2792;BL;16.6628681
2024;2793;BL;19.0944377
2024;2821;BL;39.8640131
2024;2822;BL;8.7157292
2024;2823;BL;47.6339703
2024;2824;BL;29.9743169
2024;2825;BL;32.1269094
2024;2826;BL;8.7517987
2024;2827;BL;5.1299200
2024;2828;BL;33.0345955
2024;2829;BL;90.5946740
2024;2830;BL;13.9234676
2024;2831;BL;84.5939848
2024;2832;BL;8.0142048
2024;2833;BL;14.0483076
2024;2834;BL;22.5413459
2024;2841;BL;17.5533335
2024;2842;BL;8.2161855
2024;2843;BL;9.7692931
2024;2844;BL;27.7926052
2024;2845;BL;6.0390460
2024;2846;BL;38.7485462
2024;2847;BL;8.9286102
2024;2848;BL;11.4296725
2024;2849;BL;18.3297048
2024;2850;BL;6.6324764
2024;2851;BL;5.2777274
2024;2852;BL;26.9223876
2024;2853;BL;19.1942296
2024;2854;BL;3.3193398
2024;2855;BL;20.3781639
2024;2856;BL;20.7846918
2024;2857;BL;6.0723863
2024;2858;BL;23.1560068
2024;2859;BL;8.9579771
2024;2860;BL;12.0277007
2024;2861;BL;46.6080955
2024;2862;BL;9.0222556
2024;2863;BL;19.7912415
2024;2864;BL;8.9689311
2024;2865;BL;11.4266222
2024;2866;BL;20.7590731
2024;2867;BL;14.1405251
2024;2868;BL;16.7053433
2024;2869;BL;31.5092141
2024;2881;BL;10.5496665
2024;2882;BL;13.1603447
2024;2883;BL;19.4959923
2024;2884;BL;39.0132858
2024;2885;BL;35.3320211
2024;2886;BL;28.0886692
2024;2887;BL;12.1610035
2024;2888;BL;32.9292129
2024;2889;BL;9.5402448
2024;2890;BL;4.3902566
2024;2891;BL;19.0832396
2024;2892;BL;24.0818201
2024;2893;BL;28.6662969
2024;2894;BL;9.2460282
2024;2895;BL;18.5276934
2024;2901;SH;25.1600030
2024;2903;SH;24.6827846
2024;2904;SH;52.7689477
2024;2914;SH;11.2215428
2024;2915;SH;18.6030293
2024;2917;SH;13.7047069
2024;2919;SH;19.6514207
2024;2920;SH;100.6516460
2024;2931;SH;16.7229842
2024;2932;SH;56.7774230
2024;2933;SH;14.8903295
2024;2936;SH;33.8376275
2024;2937;SH;49.8929084
2024;2938;SH;19.9329183
2024;2939;SH;206.3791421
2024;2951;SH;22.3067581
2024;2952;SH;51.1785233
2024;2953;SH;19.8298925
2024;2961;SH;10.2604104
2024;2962;SH;20.6758941
2024;2963;SH;41.5762269
2024;2964;SH;31.0613615
2024;2971;SH;60.1616881
2024;2972;SH;15.6748585
2024;2973;SH;16.5621788
2024;2974;SH;65.6908099
2024;3001;AR;104.9982194
2024;3002;AR;33.3188836
2024;3003;AR;12.2431924
2024;3004;AR;42.3616159
2024;3005;AR;23.7026851
2024;3006;AR;72.5948948
2024;3007;AR;19.9447665
2024;3021;AR;14.8869433
2024;3022;AR;38.3225274
2024;3023;AR;36.2979487
2024;3024;AR;64.7807100
2024;3025;AR;29.6877688
2024;3031;AR;12.8792419
2024;3032;AR;33.7312363
2024;3033;AR;13.0316849
2024;3034;AR;28.2048204
2024;3035;AR;15.7968517
2024;3036;AR;18.8586847
2024;3037;AR;22.8984795
2024;3038;AR;19.4154087
2024;3101;AI;60.8609142
2024;3102;AI;42.0319544
2024;3104;AI;37.5158099
2024;3111;AI;36.2686357
2024;3112;AI;108.0533180
2024;3201;SG;26.1745471
2024;3202;SG;32.4135143
2024;3203;SG;303.2246070
2024;3204;SG;51.8232380
2024;3211;SG;11.6829315
2024;3212;SG;24.6652949
2024;3213;SG;46.5712021
2024;3214;SG;45.2215023
2024;3215;SG;31.2215529
2024;3216;SG;43.6571282
2024;3217;SG;24.4472368
2024;3218;SG;11.5253964
2024;3219;SG;16.3217479
2024;3231;SG;49.3198004
2024;3232;SG;38.0708245
2024;3233;SG;38.2143917
2024;3234;SG;71.9827821
2024;3235;SG;17.6360292
2024;3236;SG;45.5336969
2024;3237;SG;62.0333719
2024;3238;SG;60.3203031
2024;3251;SG;157.7130335
2024;3252;SG;19.6166605
2024;3253;SG;25.1503522
2024;3254;SG;153.1212374
2024;3255;SG;32.6051157
2024;3256;SG;42.9798999
2024;3271;SG;97.8131694
2024;3272;SG;54.8128843
2024;3273;SG;84.8607272
2024;3274;SG;118.0343255
2024;3275;SG;62.6097471
2024;3276;SG;91.5508796
2024;3291;SG;70.4884105
2024;3292;SG;119.0707851
2024;3293;SG;129.7947650
2024;3294;SG;69.1901035
2024;3295;SG;71.7664066
2024;3296;SG;47.8482805
2024;3297;SG;69.3139049
2024;3298;SG;74.4921871
2024;3311;SG;46.9378194
2024;3312;SG;59.8079939
2024;3313;SG;53.9389619
2024;3315;SG;75.9501525
2024;3316;SG;18.0678328
2024;3338;SG;25.1629799
2024;3339;SG;44.2770207
2024;3340;SG;121.2557020
2024;3341;SG;72.4318178
2024;3342;SG;126.5165864
2024;3352;SG;81.8098280
2024;3359;SG;92.4063690
2024;3360;SG;141.6740820
2024;3374;SG;15.0912669
2024;3379;SG;137.2349687
2024;3392;SG;137.5634291
2024;3393;SG;27.8102396
2024;3394;SG;87.2813871
2024;3395;SG;78.4435883
2024;3396;SG;197.4244354
2024;3401;SG;50.7169104
2024;3402;SG;58.8358687
2024;3405;SG;44.1121178
2024;3407;SG;48.4014983
2024;3408;SG;96.9935472
2024;3422;SG;33.8078494
2024;3423;SG;50.7426502
2024;3424;SG;64.5415725
2024;3426;SG;36.3780685
2024;3427;SG;114.7477297
2024;3441;SG;19.5411399
2024;3442;SG;53.4508507
2024;3443;SG;125.7477447
2024;3444;SG;79.1562519
2024;3506;GR;75.5884865
2024;3513;GR;14.9004970
2024;3514;GR;10.4079726
2024;3542;GR;75.6247416
2024;3543;GR;119.6651968
2024;3544;GR;63.8972077
2024;3551;GR;37.3349753
2024;3561;GR;109.8846672
2024;3572;GR;14.2710714
2024;3575;GR;52.9646487
2024;3581;GR;14.4071176
2024;3582;GR;9.4999529
2024;3603;GR;32.5614710
2024;3618;GR;109.4989391
2024;3619;GR;155.8047874
2024;3633;GR;4.0898067
2024;3637;GR;6.4607482
2024;3638;GR;11.8604708
2024;3640;GR;13.6240554
2024;3661;GR;73.3155518
2024;3662;GR;7.9226668
2024;3663;GR;11.8490934
2024;3668;GR;42.9448272
2024;3669;GR;10.6463930
2024;3670;GR;7.2803245
2024;3672;GR;99.8169503
2024;3673;GR;45.7398971
2024;3681;GR;28.0785346
2024;3695;GR;14.9673853
2024;3701;GR;40.9317229
2024;3711;GR;4.3893700
2024;3712;GR;15.3173649
2024;3713;GR;15.1617542
2024;3714;GR;71.9557635
2024;3715;GR;35.2427797
2024;3721;GR;34.7812253
2024;3722;GR;57.8084016
2024;3723;GR;14.2349892
2024;3731;GR;17.6395055
2024;3732;GR;53.1873626
2024;3733;GR;19.4166812
2024;3734;GR;30.8031374
2024;3746;GR;89.2508832
2024;3752;GR;35.6339872
2024;3762;GR;150.4296051
2024;3764;GR;77.4382126
2024;3781;GR;15.1751872
2024;3782;GR;31.0551643
2024;3783;GR;7.1407332
2024;3784;GR;47.9393367
2024;3785;GR;22.8844577
2024;3786;GR;38.2958106
2024;3787;GR;50.7292754
2024;3788;GR;32.5801103
2024;3789;GR;19.4719168
2024;3790;GR;16.6987972
2024;3791;GR;23.0305031
2024;3792;GR;67.3635398
2024;3804;GR;12.9975354
2024;3805;GR;9.2863905
2024;3808;GR;16.1165558
2024;3810;GR;8.5325728
2024;3821;GR;40.0067490
2024;3822;GR;55.4057941
2024;3823;GR;24.4117741
2024;3831;GR;13.5923444
2024;3832;GR;36.3865362
2024;3834;GR;38.5418428
2024;3835;GR;32.0316828
2024;3837;GR;27.2468671
2024;3847;GR;98.6849862
2024;3851;GR;166.9551312
2024;3861;GR;19.3685352
2024;3862;GR;21.2440843
2024;3863;GR;15.7082047
2024;3871;GR;105.3634714
2024;3881;GR;5.6953448
2024;3882;GR;10.4329301
2024;3891;GR;70.4845217
2024;3901;GR;151.0770560
2024;3911;GR;58.2103216
2024;3921;GR;116.0460839
2024;3932;GR;16.9820633
2024;3945;GR;44.7000762
2024;3946;GR;40.4172432
2024;3947;GR;35.9825344
2024;3951;GR;29.5671390
2024;3952;GR;11.5218949
2024;3953;GR;49.0054861
2024;3954;GR;20.5256859
2024;3955;GR;66.1407411
2024;3961;GR;55.3704620
2024;3962;GR;52.5594846
2024;3972;GR;41.2090485
2024;3981;GR;78.7669752
2024;3982;GR;47.3846445
2024;3983;GR;39.8322354
2024;3985;GR;47.8504695
2024;3986;GR;65.3041946
2024;3987;GR;39.2493523
2024;3988;GR;67.8370200
2024;4001;AG;105.8891363
2024;4002;AG;12.8386205
2024;4003;AG;41.7742692
2024;4004;AG;30.6364929
2024;4005;AG;30.5978728
2024;4006;AG;71.9702582
2024;4007;AG;18.4744473
2024;4008;AG;46.2029501
2024;4009;AG;39.8326284
2024;4010;AG;56.2123812
2024;4012;AG;60.6100461
2024;4013;AG;28.9500814
2024;4021;AG;101.3697277
2024;4022;AG;21.4589325
2024;4023;AG;29.4230930
2024;4024;AG;34.4229409
2024;4026;AG;16.0728689
2024;4027;AG;31.1102219
2024;4028;AG;13.7505372
2024;4029;AG;40.5178078
2024;4030;AG;11.2392301
2024;4031;AG;21.3888310
2024;4032;AG;23.5469758
2024;4033;AG;36.9416072
2024;4034;AG;29.9624550
2024;4035;AG;22.0622524
2024;4037;AG;27.4335943
2024;4038;AG;43.3529524
2024;4039;AG;21.5457708
2024;4040;AG;51.1732782
2024;4041;AG;19.3754261
2024;4044;AG;48.2882055
2024;4045;AG;77.3994552
2024;4046;AG;21.3708289
2024;4047;AG;52.5207828
2024;4048;AG;41.5061038
2024;4049;AG;34.2529518
2024;4061;AG;13.7245503
2024;4062;AG;25.5638093
2024;4063;AG;64.6902531
2024;4064;AG;9.5618660
2024;4065;AG;31.1625930
2024;4066;AG;12.2680815
2024;4067;AG;18.2220452
2024;4068;AG;30.2625188
2024;4071;AG;26.3220821
2024;4072;AG;29.9403963
2024;4073;AG;17.7010076
2024;4074;AG;29.5458345
2024;4075;AG;29.4965388
2024;4076;AG;41.0916143
2024;4077;AG;17.8797321
2024;4078;AG;6.5338275
2024;4079;AG;17.9528508
2024;4080;AG;67.2086292
2024;4081;AG;22.9967522
2024;4082;AG;102.1100043
2024;4083;AG;27.5511627
2024;4084;AG;4.5308318
2024;4091;AG;26.2970920
2024;4092;AG;29.2868938
2024;4093;AG;12.5765751
2024;4095;AG;82.1959674
2024;4099;AG;6.6147525
2024;4100;AG;23.6121154
2024;4104;AG;47.6461850
2024;4105;AG;12.0646384
2024;4106;AG;12.0180276
2024;4107;AG;13.3848426
2024;4110;AG;24.0782822
2024;4111;AG;17.2489473
2024;4112;AG;15.2410511
2024;4117;AG;26.0845251
2024;4120;AG;24.3078652
2024;4121;AG;39.5725869
2024;4122;AG;18.3258184
2024;4123;AG;44.2011328
2024;4124;AG;43.7667757
2024;4125;AG;41.0601531
2024;4131;AG;33.4123837
2024;4132;AG;15.9221973
2024;4134;AG;22.1869295
2024;4135;AG;45.7243887
2024;4136;AG;16.5996527
2024;4137;AG;6.1822466
2024;4138;AG;14.9079506
2024;4139;AG;55.3956082
2024;4140;AG;31.2820420
2024;4141;AG;64.0524479
2024;4142;AG;16.6699921
2024;4143;AG;29.8982547
2024;4144;AG;36.6517261
2024;4145;AG;16.4770935
2024;4146;AG;35.3349590
2024;4147;AG;21.5357203
2024;4161;AG;38.4612787
2024;4163;AG;56.2251887
2024;4164;AG;31.4190985
2024;4165;AG;36.7418670
2024;4169;AG;61.6334842
2024;4170;AG;57.4206569
2024;4172;AG;16.0325507
2024;4173;AG;23.6421615
2024;4175;AG;17.5735630
2024;4176;AG;11.3031904
2024;4177;AG;18.6946620
2024;4181;AG;29.7904515
2024;4182;AG;28.4785012
2024;4183;AG;24.4989881
2024;4184;AG;66.4790291
2024;4185;AG;74.8317084
2024;4186;AG;45.2334241
2024;4191;AG;9.7296009
2024;4192;AG;13.8236672
2024;4193;AG;9.7616055
2024;4194;AG;18.3518944
2024;4195;AG;25.3505897
2024;4196;AG;22.3470892
2024;4197;AG;14.2088594
2024;4198;AG;18.1897606
2024;4199;AG;14.0926018
2024;4200;AG;29.1449980
2024;4201;AG;70.4656824
2024;4202;AG;30.1488752
2024;4203;AG;38.1035504
2024;4204;AG;29.7982290
2024;4205;AG;24.8680129
2024;4206;AG;46.2793966
2024;4207;AG;35.1884600
2024;4208;AG;38.0905344
2024;4209;AG;60.2036520
2024;4210;AG;22.8426092
2024;4221;AG;10.8836245
2024;4222;AG;35.2264190
2024;4223;AG;24.8574674
2024;4224;AG;32.1733759
2024;4226;AG;10.1867000
2024;4227;AG;18.3076402
2024;4228;AG;47.1269647
2024;4229;AG;22.6119291
2024;4230;AG;13.9739111
2024;4231;AG;15.6471170
2024;4232;AG;7.4154647
2024;4233;AG;11.9857403
2024;4234;AG;51.6921361
2024;4235;AG;19.7439675
2024;4236;AG;69.6482668
2024;4237;AG;13.9772962
2024;4238;AG;16.1475194
2024;4239;AG;58.7343018
2024;4240;AG;30.5103324
2024;4251;AG;25.1471202
2024;4252;AG;36.1113931
2024;4253;AG;32.4009948
2024;4254;AG;88.0865499
2024;4255;AG;16.3006354
2024;4256;AG;20.3990678
2024;4257;AG;10.0003118
2024;4258;AG;71.1601021
2024;4259;AG;19.5793554
2024;4260;AG;21.6452937
2024;4261;AG;23.0226892
2024;4262;AG;24.0528494
2024;4263;AG;40.7574881
2024;4264;AG;19.1929677
2024;4271;AG;41.2908353
2024;4273;AG;16.3605703
2024;4274;AG;57.6752650
2024;4275;AG;12.2652673
2024;4276;AG;56.6990823
2024;4277;AG;15.4448243
2024;4279;AG;53.8967236
2024;4280;AG;91.4207314
2024;4281;AG;30.1915916
2024;4282;AG;81.2096384
2024;4283;AG;39.7597361
2024;4284;AG;24.0533059
2024;4285;AG;29.9086267
2024;4286;AG;24.9440050
2024;4287;AG;29.6207250
2024;4288;AG;5.3207849
2024;4289;AG;75.8864624
2024;4303;AG;35.3497245
2024;4304;AG;42.7394727
2024;4305;AG;45.4844543
2024;4306;AG;18.2148449
2024;4307;AG;18.7984167
2024;4309;AG;37.6586597
2024;4310;AG;22.1937932
2024;4311;AG;25.6273772
2024;4312;AG;42.7122183
2024;4313;AG;46.1609360
2024;4314;AG;12.5275477
2024;4318;AG;26.9514470
2024;4319;AG;13.6449172
2024;4320;AG;25.5670724
2024;4324;AG;122.9909259
2024;4401;TG;70.6009162
2024;4406;TG;9.7445519
2024;4411;TG;75.1825081
2024;4416;TG;22.9330022
2024;4421;TG;13.6526382
2024;4426;TG;18.9082243
2024;4431;TG;45.9632525
2024;4436;TG;65.1465780
2024;4441;TG;13.6709464
2024;4446;TG;12.8107290
2024;4451;TG;19.6074844
2024;4461;TG;97.1492584
2024;4471;TG;66.4449081
2024;4476;TG;43.9175072
2024;4486;TG;47.3312479
2024;4495;TG;30.1262160
2024;4501;TG;50.3448402
2024;4506;TG;44.3626035
2024;4511;TG;46.0358424
2024;4536;TG;39.5834471
2024;4545;TG;49.2082562
2024;4546;TG;48.2406306
2024;4551;TG;102.5402895
2024;4561;TG;30.8560988
2024;4566;TG;193.3832639
2024;4571;TG;57.1062058
2024;4590;TG;24.6963961
2024;4591;TG;37.9947078
2024;4601;TG;31.5613601
2024;4606;TG;24.2479202
2024;4611;TG;48.6877541
2024;4616;TG;50.4120045
2024;4621;TG;30.9734649
2024;4641;TG;32.8919344
2024;4643;TG;18.0710391
2024;4646;TG;42.2618300
2024;4651;TG;2.0827345
2024;4656;TG;37.1293672
2024;4666;TG;85.3003599
2024;4671;TG;101.0728333
2024;4681;TG;40.6770734
2024;4683;TG;37.8364998
2024;4691;TG;39.9175709
2024;4696;TG;51.2991360
2024;4701;TG;47.9471914
2024;4711;TG;67.6196589
2024;4716;TG;16.0618009
2024;4721;TG;41.3008393
2024;4723;TG;35.0618172
2024;4724;TG;37.5092581
2024;4726;TG;91.0552573
2024;4741;TG;32.1368417
2024;4746;TG;50.2738089
2024;4751;TG;12.8357760
2024;4756;TG;35.8639940
2024;4761;TG;64.2227541
2024;4776;TG;26.6050370
2024;4781;TG;75.6892345
2024;4786;TG;16.6429461
2024;4791;TG;36.0784477
2024;4801;TG;11.5945520
2024;4806;TG;40.0132233
2024;4811;TG;45.1489018
2024;4816;TG;68.7044929
2024;4821;TG;62.2883437
2024;4826;TG;18.0478883
2024;4831;TG;46.7351646
2024;4841;TG;49.1020808
2024;4846;TG;20.7256896
2024;4851;TG;24.3178953
2024;4864;TG;37.1285394
2024;4871;TG;42.6069312
2024;4881;TG;48.1287137
2024;4891;TG;58.7407385
2024;4901;TG;40.0040005
2024;4911;TG;55.0587728
2024;4921;TG;76.5856034
2024;4941;TG;37.9797466
2024;4946;TG;93.0490628
2024;4951;TG;69.6168234
2024;5001;TI;51.4011555
2024;5002;TI;357.8000824
2024;5003;TI;38.2125007
2024;5009;TI;25.4883153
2024;5010;TI;16.4867184
2024;5017;TI;34.8389221
2024;5048;TI;87.0014080
2024;5049;TI;111.5028617
2024;5050;TI;68.4642140
2024;5061;TI;71.5478456
2024;5063;TI;21.9691911
2024;5064;TI;11.9376700
2024;5071;TI;6.3462333
2024;5072;TI;141.9015041
2024;5073;TI;20.6576062
2024;5076;TI;11.6892805
2024;5077;TI;14.1964036
2024;5078;TI;11.0763697
2024;5079;TI;53.6265807
2024;5091;TI;41.7483669
2024;5096;TI;13.4301562
2024;5097;TI;37.2758305
2024;5108;TI;36.5161046
2024;5112;TI;6.3309908
2024;5113;TI;97.8013456
2024;5115;TI;39.2945767
2024;5117;TI;7.5245326
2024;5118;TI;37.4871813
2024;5120;TI;10.9559338
2024;5121;TI;7.9560753
2024;5125;TI;22.8397607
2024;5131;TI;27.9556311
2024;5136;TI;31.0655616
2024;5138;TI;31.7849208
2024;5141;TI;26.2703803
2024;5143;TI;7.8118470
2024;5144;TI;19.0236541
2024;5146;TI;7.8191138
2024;5148;TI;15.8263881
2024;5149;TI;10.0998763
2024;5151;TI;34.2730737
2024;5154;TI;6.3500784
2024;5160;TI;8.6079618
2024;5161;TI;11.2119478
2024;5162;TI;7.6912010
2024;5167;TI;12.8082347
2024;5171;TI;23.5951589
2024;5176;TI;13.2111785
2024;5180;TI;9.9107550
2024;5181;TI;6.5848737
2024;5186;TI;7.6850408
2024;5187;TI;8.4788432
2024;5189;TI;13.6759067
2024;5192;TI;309.7558965
2024;5193;TI;11.8704174
2024;5194;TI;13.7744578
2024;5196;TI;14.3465949
2024;5198;TI;9.0580077
2024;5199;TI;22.7359279
2024;5200;TI;6.4828049
2024;5203;TI;8.9712889
2024;5205;TI;9.5031915
2024;5206;TI;2.6554321
2024;5207;TI;11.3750194
2024;5208;TI;11.1256154
2024;5210;TI;11.7895425
2024;5212;TI;15.5504768
2024;5214;TI;16.8243093
2024;5216;TI;12.2923023
2024;5221;TI;11.0784085
2024;5225;TI;10.7432002
2024;5226;TI;68.6564339
2024;5227;TI;24.3338971
2024;5230;TI;7.2769879
2024;5231;TI;18.5519188
2024;5233;TI;9.6175852
2024;5236;TI;47.5844483
2024;5237;TI;25.6177272
2024;5238;TI;83.5812813
2024;5239;TI;52.8859146
2024;5240;TI;27.5911267
2024;5242;TI;29.6268369
2024;5249;TI;32.8136316
2024;5250;TI;34.6966545
2024;5251;TI;21.7855583
2024;5254;TI;151.2922121
2024;5257;TI;28.6766899
2024;5260;TI;29.8927950
2024;5263;TI;20.2041546
2024;5266;TI;44.1885765
2024;5268;TI;19.0610566
2024;5269;TI;42.1387899
2024;5281;TI;69.9946961
2024;5287;TI;72.2560370
2024;5304;TI;5.0728682
2024;5307;TI;10.9526874
2024;5309;TI;13.3300491
2024;5310;TI;44.2724736
2024;5315;TI;1.7954267
2024;5317;TI;45.1796941
2024;5323;TI;54.2722555
2024;5324;TI;23.4901922
2024;5396;TI;23.5018675
2024;5397;TI;46.5449769
2024;5398;TI;107.4095795
2024;5399;TI;44.2369873
2024;5401;VD;89.0098645
2024;5402;VD;139.8460628
2024;5403;VD;14.6994129
2024;5404;VD;22.0287290
2024;5405;VD;37.6894237
2024;5406;VD;31.7115981
2024;5407;VD;37.0156459
2024;5408;VD;36.6000612
2024;5409;VD;144.4025290
2024;5410;VD;84.4549280
2024;5411;VD;63.8084731
2024;5412;VD;17.6387992
2024;5413;VD;23.1272552
2024;5414;VD;69.7582932
2024;5415;VD;32.3690413
2024;5422;VD;65.5211293
2024;5423;VD;16.8193813
2024;5424;VD;17.3353312
2024;5425;VD;52.9773283
2024;5426;VD;9.3752422
2024;5427;VD;14.7174760
2024;5428;VD;50.1213171
2024;5429;VD;22.9588394
2024;5430;VD;23.6208971
2024;5431;VD;19.9370314
2024;5434;VD;29.9672215
2024;5435;VD;16.2264822
2024;5436;VD;7.6495253
2024;5437;VD;9.3014528
2024;5451;VD;67.5069946
2024;5456;VD;32.3236662
2024;5458;VD;14.2273893
2024;5464;VD;61.6809392
2024;5471;VD;9.4205347
2024;5472;VD;4.7345059
2024;5473;VD;8.7480084
2024;5474;VD;13.8813915
2024;5475;VD;5.7291534
2024;5476;VD;9.4026941
2024;5477;VD;28.1398096
2024;5479;VD;13.0003315
2024;5480;VD;15.9296691
2024;5481;VD;6.4277310
2024;5482;VD;20.0447190
2024;5483;VD;7.6328053
2024;5484;VD;15.9959463
2024;5485;VD;9.4722505
2024;5486;VD;38.5716547
2024;5487;VD;9.8446372
2024;5488;VD;0.8262544
2024;5489;VD;11.5187907
2024;5490;VD;11.1617617
2024;5491;VD;30.8847534
2024;5492;VD;45.1415337
2024;5493;VD;10.7191871
2024;5495;VD;27.0375038
2024;5496;VD;21.9069624
2024;5497;VD;12.1052817
2024;5498;VD;23.2278146
2024;5499;VD;12.3028809
2024;5501;VD;12.5612110
2024;5503;VD;21.7644476
2024;5511;VD;30.1296218
2024;5512;VD;18.7906403
2024;5514;VD;15.8305122
2024;5515;VD;8.7740928
2024;5516;VD;21.0525596
2024;5518;VD;36.6461758
2024;5520;VD;19.2341494
2024;5521;VD;11.0337587
2024;5522;VD;13.9446807
2024;5523;VD;23.6547647
2024;5527;VD;10.2211205
2024;5529;VD;10.1732781
2024;5530;VD;13.3165611
2024;5531;VD;10.3748567
2024;5533;VD;12.8646459
2024;5534;VD;6.2736899
2024;5535;VD;9.2449835
2024;5537;VD;17.0749063
2024;5539;VD;18.6303314
2024;5540;VD;29.8477867
2024;5541;VD;20.4743510
2024;5551;VD;16.8757655
2024;5552;VD;24.9663745
2024;5553;VD;14.3853032
2024;5554;VD;27.2465713
2024;5555;VD;11.9367636
2024;5556;VD;8.8775734
2024;5557;VD;8.1509519
2024;5559;VD;10.2665283
2024;5560;VD;2.9039374
2024;5561;VD;43.8710096
2024;5562;VD;10.2314905
2024;5563;VD;4.9047004
2024;5564;VD;3.5173857
2024;5565;VD;15.1590292
2024;5566;VD;39.5741686
2024;5568;VD;89.5981659
2024;5571;VD;27.7316542
2024;5581;VD;22.8365050
2024;5582;VD;29.1209949
2024;5583;VD;55.1830990
2024;5584;VD;50.6413444
2024;5585;VD;20.6301831
2024;5586;VD;360.6692541
2024;5587;VD;73.0269132
2024;5588;VD;6.7047976
2024;5589;VD;35.7564559
2024;5590;VD;62.5523678
2024;5591;VD;51.3503775
2024;5592;VD;23.8678454
2024;5601;VD;17.9329321
2024;5604;VD;55.2590636
2024;5606;VD;72.4430935
2024;5607;VD;74.0812054
2024;5609;VD;4.8398229
2024;5610;VD;10.3588171
2024;5611;VD;58.8429851
2024;5613;VD;71.3111791
2024;5621;VD;14.6376357
2024;5622;VD;10.0230183
2024;5623;VD;10.6298381
2024;5624;VD;46.4167423
2024;5627;VD;19.3661037
2024;5628;VD;5.3443937
2024;5629;VD;3.6956552
2024;5631;VD;8.2762631
2024;5632;VD;13.1114386
2024;5633;VD;23.6533671
2024;5634;VD;38.4328997
2024;5635;VD;66.0222588
2024;5636;VD;31.5752778
2024;5637;VD;13.7795662
2024;5638;VD;25.4995219
2024;5639;VD;11.4879068
2024;5640;VD;8.5600072
2024;5642;VD;49.3664127
2024;5643;VD;19.8979847
2024;5645;VD;6.3835422
2024;5646;VD;39.2477553
2024;5648;VD;22.7427081
2024;5649;VD;15.9965950
2024;5650;VD;5.9337048
2024;5651;VD;12.6270494
2024;5652;VD;7.6962701
2024;5653;VD;9.1939391
2024;5654;VD;14.1514031
2024;5655;VD;30.7605539
2024;5656;VD;82.3724492
2024;5661;VD;6.8804572
2024;5663;VD;5.1465363
2024;5665;VD;9.7487870
2024;5669;VD;11.8399403
2024;5671;VD;5.1454163
2024;5673;VD;10.4448226
2024;5674;VD;5.2010410
2024;5675;VD;60.4198087
2024;5678;VD;70.5252124
2024;5680;VD;8.1960492
2024;5683;VD;2.8767974
2024;5684;VD;2.7819177
2024;5688;VD;11.4797865
2024;5690;VD;6.9538009
2024;5692;VD;12.1672463
2024;5693;VD;65.5948405
2024;5701;VD;6.8267994
2024;5702;VD;58.9602215
2024;5703;VD;32.1411297
2024;5704;VD;20.9033196
2024;5705;VD;10.1745829
2024;5706;VD;9.8817835
2024;5707;VD;15.3043135
2024;5708;VD;8.9711560
2024;5709;VD;35.5299093
2024;5710;VD;8.6754297
2024;5711;VD;32.8125350
2024;5712;VD;20.8367678
2024;5713;VD;21.5379289
2024;5714;VD;11.5203336
2024;5715;VD;15.2767224
2024;5716;VD;13.9758251
2024;5717;VD;40.4904878
2024;5718;VD;22.3686948
2024;5719;VD;17.6494710
2024;5720;VD;11.7492727
2024;5721;VD;67.2807287
2024;5722;VD;7.7084738
2024;5723;VD;24.2663878
2024;5724;VD;75.5078607
2024;5725;VD;39.9948806
2024;5726;VD;30.9634854
2024;5727;VD;53.6631577
2024;5728;VD;7.4631602
2024;5729;VD;14.6784691
2024;5730;VD;22.4291484
2024;5731;VD;16.3286726
2024;5732;VD;10.0302314
2024;5741;VD;11.9742342
2024;5742;VD;7.1461710
2024;5743;VD;14.9538452
2024;5744;VD;31.1741805
2024;5745;VD;36.8023068
2024;5746;VD;26.3738655
2024;5747;VD;5.6221880
2024;5748;VD;17.1360057
2024;5749;VD;54.6682469
2024;5750;VD;15.5177753
2024;5752;VD;11.3615450
2024;5754;VD;19.4413816
2024;5755;VD;27.1278049
2024;5756;VD;11.4283259
2024;5757;VD;57.1254725
2024;5758;VD;7.8907053
2024;5759;VD;16.1732567
2024;5760;VD;18.3552366
2024;5761;VD;15.3166044
2024;5762;VD;4.2758750
2024;5763;VD;11.8468371
2024;5764;VD;71.4144952
2024;5765;VD;23.9785527
2024;5766;VD;14.7997872
2024;5785;VD;22.0305383
2024;5790;VD;12.6442646
2024;5792;VD;11.6993041
2024;5798;VD;16.6491454
2024;5799;VD;23.9661876
2024;5803;VD;14.7778243
2024;5804;VD;44.3180168
2024;5805;VD;79.0675064
2024;5806;VD;40.0446925
2024;5812;VD;5.4268029
2024;5813;VD;7.4900229
2024;5816;VD;39.4154851
2024;5817;VD;21.2357636
2024;5819;VD;12.9042116
2024;5821;VD;7.2569097
2024;5822;VD;106.0268628
2024;5827;VD;10.7652558
2024;5828;VD;5.6580981
2024;5830;VD;17.3293323
2024;5831;VD;83.0182826
2024;5841;VD;136.2164278
2024;5842;VD;27.7633461
2024;5843;VD;60.5113870
2024;5851;VD;13.7432446
2024;5852;VD;9.0570609
2024;5853;VD;14.9032835
2024;5854;VD;15.9351367
2024;5855;VD;8.0146376
2024;5856;VD;25.0584134
2024;5857;VD;27.7930914
2024;5858;VD;10.2317502
2024;5859;VD;30.4255973
2024;5860;VD;20.9280877
2024;5861;VD;30.1565871
2024;5862;VD;4.1382713
2024;5863;VD;4.2674198
2024;5871;VD;41.0224504
2024;5872;VD;140.5167288
2024;5873;VD;42.9972521
2024;5882;VD;50.0347669
2024;5883;VD;17.4178768
2024;5884;VD;38.7283433
2024;5885;VD;16.2791692
2024;5886;VD;148.1297595
2024;5889;VD;41.8580822
2024;5890;VD;43.2378777
2024;5891;VD;9.1371088
2024;5892;VD;129.4717779
2024;5902;VD;14.2737857
2024;5903;VD;8.5403195
2024;5904;VD;19.2603008
2024;5905;VD;17.1283528
2024;5907;VD;4.4465678
2024;5908;VD;3.0576149
2024;5909;VD;18.7179672
2024;5910;VD;12.8338102
2024;5911;VD;10.6060530
2024;5912;VD;7.2885245
2024;5913;VD;25.7196974
2024;5914;VD;13.3890843
2024;5919;VD;20.7708259
2024;5921;VD;11.3276338
2024;5922;VD;21.0355928
2024;5923;VD;7.3641807
2024;5924;VD;7.4925407
2024;5925;VD;6.0819983
2024;5926;VD;16.6626560
2024;5928;VD;8.0982477
2024;5929;VD;10.3461763
2024;5930;VD;7.6882681
2024;5931;VD;6.7883529
2024;5932;VD;5.6294798
2024;5933;VD;8.3986986
2024;5934;VD;3.3583749
2024;5935;VD;1.9997040
2024;5937;VD;4.2013954
2024;5938;VD;127.9461852
2024;5939;VD;45.7045027
2024;6002;VS;82.0841135
2024;6004;VS;11.7100251
2024;6007;VS;74.2376468
2024;6008;VS;51.2249577
2024;6009;VS;39.2128843
2024;6010;VS;16.5801665
2024;6011;VS;16.1477402
2024;6021;VS;37.4499370
2024;6022;VS;69.5487954
2024;6023;VS;111.8247891
2024;6024;VS;103.0711724
2024;6025;VS;57.6331396
2024;6032;VS;23.1382882
2024;6033;VS;24.3264993
2024;6034;VS;73.0855192
2024;6035;VS;18.2479697
2024;6037;VS;222.2150249
2024;6052;VS;14.1632237
2024;6054;VS;14.9781155
2024;6056;VS;22.9197304
2024;6057;VS;16.5086170
2024;6058;VS;7.6529698
2024;6061;VS;10.0104592
2024;6076;VS;67.4612032
2024;6077;VS;43.5222489
2024;6082;VS;91.0023669
2024;6083;VS;49.4266871
2024;6084;VS;79.1300127
2024;6087;VS;27.4259922
2024;6089;VS;47.6019054
2024;6090;VS;43.0483009
2024;6101;VS;8.2304307
2024;6102;VS;21.4095425
2024;6104;VS;20.4695565
2024;6109;VS;8.3989295
2024;6110;VS;82.1111124
2024;6111;VS;27.1617975
2024;6112;VS;13.2677796
2024;6113;VS;24.8609331
2024;6116;VS;21.4991671
2024;6117;VS;14.0169382
2024;6118;VS;34.0691521
2024;6119;VS;33.3727693
2024;6131;VS;18.1717531
2024;6133;VS;103.4924990
2024;6134;VS;21.7455409
2024;6135;VS;52.2360858
2024;6136;VS;175.4019847
2024;6137;VS;48.9113284
2024;6139;VS;78.2086329
2024;6140;VS;40.3360337
2024;6141;VS;75.4650668
2024;6142;VS;18.1308329
2024;6151;VS;40.5237401
2024;6152;VS;111.5008956
2024;6153;VS;117.2650724
2024;6154;VS;46.2200985
2024;6155;VS;15.4706308
2024;6156;VS;83.9126340
2024;6157;VS;53.5176504
2024;6158;VS;42.2186418
2024;6159;VS;42.4169373
2024;6172;VS;3.7590686
2024;6173;VS;11.5943794
2024;6177;VS;12.8774630
2024;6181;VS;14.3218630
2024;6191;VS;19.1725546
2024;6192;VS;10.7642372
2024;6193;VS;25.2834274
2024;6194;VS;15.2130283
2024;6195;VS;10.0496147
2024;6197;VS;5.4645394
2024;6198;VS;19.0913365
2024;6199;VS;42.6956587
2024;6201;VS;11.1360024
2024;6202;VS;15.3455059
2024;6203;VS;19.5522053
2024;6204;VS;32.5506638
2024;6205;VS;13.2334201
2024;6211;VS;18.0098162
2024;6212;VS;17.8601625
2024;6213;VS;28.9075322
2024;6214;VS;26.6912477
2024;6215;VS;23.1666676
2024;6217;VS;49.0629955
2024;6218;VS;26.9734358
2024;6219;VS;22.8788391
2024;6220;VS;11.0416800
2024;6232;VS;51.6261415
2024;6235;VS;13.6732721
2024;6238;VS;38.7572816
2024;6239;VS;17.6329235
2024;6240;VS;57.9329874
2024;6246;VS;29.4675916
2024;6248;VS;146.9643322
2024;6252;VS;118.6268932
2024;6253;VS;139.1816852
2024;6254;VS;45.8238152
2024;6261;VS;24.9493598
2024;6263;VS;31.4130055
2024;6265;VS;99.1332066
2024;6266;VS;249.4435076
2024;6267;VS;8.9186617
2024;6281;VS;15.1731566
2024;6282;VS;14.5071217
2024;6283;VS;7.2364299
2024;6285;VS;16.6347465
2024;6286;VS;13.0005691
2024;6287;VS;11.6734021
2024;6288;VS;15.5243529
2024;6289;VS;17.9362805
2024;6290;VS;7.5714829
2024;6291;VS;17.9376455
2024;6292;VS;42.4511861
2024;6293;VS;21.8633664
2024;6294;VS;12.8920518
2024;6295;VS;15.9941124
2024;6296;VS;22.0999532
2024;6297;VS;73.3091798
2024;6298;VS;41.7134038
2024;6299;VS;13.0021108
2024;6300;VS;20.3655430
2024;6404;NE;54.5699713
2024;6408;NE;29.2538785
2024;6413;NE;43.2840897
2024;6416;NE;70.0018335
2024;6417;NE;129.0251241
2024;6421;NE;240.2615246
2024;6422;NE;23.8208474
2024;6423;NE;35.4652937
2024;6432;NE;40.7955650
2024;6433;NE;18.4708569
2024;6434;NE;22.2721280
2024;6435;NE;17.1461793
2024;6436;NE;117.0975537
2024;6437;NE;29.5733216
2024;6451;NE;19.9813830
2024;6452;NE;35.2777245
2024;6453;NE;12.8773636
2024;6454;NE;12.3293203
2024;6455;NE;38.4988688
2024;6456;NE;35.9284455
2024;6458;NE;187.5599134
2024;6459;NE;31.0207670
2024;6461;NE;33.8750984
2024;6487;NE;276.1976502
2024;6504;NE;26.8095973
2024;6511;NE;38.8452427
2024;6512;NE;263.4241135
2024;6601;GE;12.3105213
2024;6602;GE;20.7882287
2024;6603;GE;16.9877303
2024;6604;GE;18.2613185
2024;6605;GE;20.5279294
2024;6606;GE;25.8269418
2024;6607;GE;76.7480140
2024;6608;GE;45.2698857
2024;6609;GE;13.0315042
2024;6610;GE;16.2057467
2024;6611;GE;16.6348171
2024;6612;GE;61.0286421
2024;6613;GE;22.6384582
2024;6614;GE;19.3637441
2024;6615;GE;20.4008312
2024;6616;GE;56.8182226
2024;6617;GE;46.7543172
2024;6618;GE;24.7473752
2024;6619;GE;15.6525108
2024;6620;GE;26.5726478
2024;6621;GE;266.9055593
2024;6622;GE;21.0878753
2024;6623;GE;40.9067614
2024;6624;GE;8.1581783
2024;6625;GE;8.8787866
2024;6626;GE;35.8957162
2024;6627;GE;11.1907328
2024;6628;GE;74.8887852
2024;6629;GE;29.0689670
2024;6630;GE;94.9771047
2024;6631;GE;32.8461886
2024;6632;GE;18.7374337
2024;6633;GE;59.0563369
2024;6634;GE;30.3127116
2024;6635;GE;16.1685165
2024;6636;GE;13.0812262
2024;6637;GE;12.9162261
2024;6638;GE;74.9211478
2024;6639;GE;11.5887695
2024;6640;GE;57.5870186
2024;6641;GE;25.0213743
2024;6642;GE;35.1848503
2024;6643;GE;87.7677962
2024;6644;GE;57.1485529
2024;6645;GE;67.4277668
2024;6702;JU;37.6142098
2024;6703;JU;22.6915581
2024;6704;JU;12.5567465
2024;6706;JU;11.7203730
2024;6708;JU;58.0238705
2024;6709;JU;41.1196021
2024;6710;JU;34.1278717
2024;6711;JU;95.1853416
2024;6712;JU;39.1099345
2024;6713;JU;11.6293554
2024;6715;JU;15.9317226
2024;6716;JU;6.5271936
2024;6718;JU;14.3017867
2024;6719;JU;26.5217721
2024;6721;JU;7.2729457
2024;6722;JU;14.8441925
2024;6724;JU;15.5064415
2024;6729;JU;139.3499491
2024;6730;JU;98.7245719
2024;6741;JU;15.2814856
2024;6742;JU;44.0495179
2024;6743;JU;34.3024563
2024;6745;JU;11.0456213
2024;6748;JU;17.6892652
2024;6750;JU;17.6794517
2024;6751;JU;29.0689065
2024;6753;JU;28.1629555
2024;6754;JU;59.1971483
2024;6757;JU;61.5530752
2024;6758;JU;23.3373827
2024;6759;JU;15.2230532
2024;6771;JU;41.4510887
2024;6774;JU;41.9266134
2024;6778;JU;38.1055535
2024;6781;JU;22.7429462
2024;6782;JU;31.4506521
2024;6783;JU;16.0318926
2024;6784;JU;47.6046893
2024;6785;JU;26.8511718
2024;6789;JU;17.7869693
2024;6790;JU;38.9383422
2024;6792;JU;20.3535106
2024;6800;JU;71.0840319
2024;6806;JU;19.4671564
2024;6807;JU;47.3002514
2024;6808;JU;102.6391549
2024;6809;JU;63.4100837
2024;6810;JU;44.7011480
2024;6811;JU;23.2793085
2024;6812;JU;41.7758599
;;;
;;;
;;;
;;;
;;;
